Login ID (username),Password,User ID
investor_001,pass1234_company_user1,user001
investor_002,pass1234_company_user2,user002
investor_003,pass1234_company_user3,user003
investor_004,pass1234_company_user4,user004
investor_005,pass1234_company_user5,user005
investor_006,pass1234_company_user6,user006
investor_007,pass1234_company_user7,user007
investor_008,pass1234_company_user8,user008
investor_009,pass1234_company_user9,user009
investor_010,pass1234_company_user10,user010
investor_011,pass1234_company_user11,user011
investor_012,pass1234_company_user12,user012
investor_013,pass1234_company_user13,user013
investor_014,pass1234_company_user14,user014
investor_015,pass1234_company_user15,user015
investor_016,pass1234_company_user16,user016
investor_017,pass1234_company_user17,user017
investor_018,pass1234_company_user18,user018
investor_019,pass1234_company_user19,user019
investor_020,pass1234_company_user20,user020
investor_021,pass1234_company_user21,user021
investor_022,pass1234_company_user22,user022
investor_023,pass1234_company_user23,user023
investor_024,pass1234_company_user24,user024
investor_025,pass1234_company_user25,user025
investor_026,pass1234_company_user26,user026
investor_027,pass1234_company_user27,user027
investor_028,pass1234_company_user28,user028
investor_029,pass1234_company_user29,user029
investor_030,pass1234_company_user30,user030
investor_031,pass1234_company_user31,user031
investor_032,pass1234_company_user32,user032
investor_033,pass1234_company_user33,user033
investor_034,pass1234_company_user34,user034
investor_035,pass1234_company_user35,user035
investor_036,pass1234_company_user36,user036
investor_037,pass1234_company_user37,user037
investor_038,pass1234_company_user38,user038
investor_039,pass1234_company_user39,user039
investor_040,pass1234_company_user40,user040
investor_041,pass1234_company_user41,user041
investor_042,pass1234_company_user42,user042
investor_043,pass1234_company_user43,user043
investor_044,pass1234_company_user44,user044
investor_045,pass1234_company_user45,user045
investor_046,pass1234_company_user46,user046
investor_047,pass1234_company_user47,user047
investor_048,pass1234_company_user48,user048
investor_049,pass1234_company_user49,user049
investor_050,pass1234_company_user50,user050
